id,question,expected_answer,flat_rag_answer,flat_rag_grade,graphrag_answer,graphrag_grade,flat_context_preview,graph_context_preview
Q01,Who founded OpenAI?,"Sam Altman, Elon Musk, Greg Brockman, Ilya Sutskever, Wojciech Zaremba, and others",OpenAI was founded in 2015 in Delaware as a nonprofit.,review,"OpenAI was founded by Sam Altman, Elon Musk, Greg Brockman, Ilya Sutskever, Wojciech Zaremba, and OpenAI Founders.",correct,"[OpenAI] In October 2025, OpenAI conducted a $6.6 billion share sale that valued the company at $500 billion. In 2023 and 2024, OpenAI faced multiple lawsuits for alleged copyright infringement against authors and media companies whose work was used to train some of OpenAI's products. In November 20",OpenAI --FOUNDED_BY--> Sam Altman OpenAI --FOUNDED_BY--> Elon Musk OpenAI --FOUNDED_BY--> Greg Brockman OpenAI --FOUNDED_BY--> Ilya Sutskever OpenAI --FOUNDED_BY--> Wojciech Zaremba OpenAI --FOUNDED_IN--> 2015 OpenAI --FOUNDED_IN--> Delaware OpenAI --FOUNDED_BY--> OpenAI Founders OpenAI --FOUNDED_AS
Q02,What year was OpenAI founded?,2015,OpenAI was founded in 2015.,correct,OpenAI was founded in 2015.,correct,"[OpenAI] In October 2025, OpenAI conducted a $6.6 billion share sale that valued the company at $500 billion. In 2023 and 2024, OpenAI faced multiple lawsuits for alleged copyright infringement against authors and media companies whose work was used to train some of OpenAI's products. In November 20",OpenAI --FOUNDED_BY--> Sam Altman OpenAI --FOUNDED_BY--> Elon Musk OpenAI --FOUNDED_BY--> Greg Brockman OpenAI --FOUNDED_BY--> Ilya Sutskever OpenAI --FOUNDED_BY--> Wojciech Zaremba OpenAI --FOUNDED_IN--> 2015 OpenAI --FOUNDED_IN--> Delaware OpenAI --FOUNDED_BY--> OpenAI Founders OpenAI --FOUNDED_AS
Q03,Which company invested in OpenAI?,Microsoft,Microsoft invested over $13 billion into OpenAI.,correct,Microsoft --INVESTED_IN--> OpenAI,correct,"[OpenAI] In October 2025, OpenAI conducted a $6.6 billion share sale that valued the company at $500 billion. In 2023 and 2024, OpenAI faced multiple lawsuits for alleged copyright infringement against authors and media companies whose work was used to train some of OpenAI's products. In November 20",OpenAI --FOUNDED_BY--> Sam Altman OpenAI --FOUNDED_BY--> Elon Musk OpenAI --FOUNDED_BY--> Greg Brockman OpenAI --FOUNDED_BY--> Ilya Sutskever OpenAI --FOUNDED_BY--> Wojciech Zaremba OpenAI --FOUNDED_IN--> 2015 OpenAI --FOUNDED_IN--> Delaware OpenAI --FOUNDED_BY--> OpenAI Founders OpenAI --FOUNDED_AS
Q04,Who founded Google?,Larry Page and Sergey Brin,Larry Page and Sergey Brin founded Google.,correct,Larry Page and Sergey Brin founded Google.,correct,"[Google] Google LLC ( , GOO-gəl) is an American multinational technology corporation focused on information technology, online advertising, search engine technology, email, cloud computing, software, quantum computing, e-commerce, consumer electronics, and artificial intelligence (AI). It has been r",Google --FOUNDED_BY--> Larry Page Google --FOUNDED_BY--> Sergey Brin Google --SUBSIDIARY_OF--> Alphabet Inc. Google --ACQUIRED--> DeepMind Google --FOUNDED_IN--> 1998 Google --DEVELOPS--> Google Search Google --MERGED_WITH--> Google Brain Alphabet Inc. --OWNS--> Google Alphabet Inc. --PARENT_COMPANY
Q05,What is Google's parent company?,Alphabet Inc.,Alphabet Inc.,correct,Alphabet Inc.,correct,"[Google] Google LLC ( , GOO-gəl) is an American multinational technology corporation focused on information technology, online advertising, search engine technology, email, cloud computing, software, quantum computing, e-commerce, consumer electronics, and artificial intelligence (AI). It has been r",Google --FOUNDED_BY--> Larry Page Google --FOUNDED_BY--> Sergey Brin Google --SUBSIDIARY_OF--> Alphabet Inc. Google --ACQUIRED--> DeepMind Google --FOUNDED_IN--> 1998 Google --DEVELOPS--> Google Search Google --MERGED_WITH--> Google Brain Alphabet Inc. --OWNS--> Google Alphabet Inc. --PARENT_COMPANY
Q06,Who founded Microsoft?,Bill Gates and Paul Allen,Microsoft was founded in 1975 by Bill Gates and Paul Allen.,correct,Bill Gates and Paul Allen founded Microsoft.,correct,"[Microsoft] The company's 1986 initial public offering (IPO) and subsequent rise in its share price created three billionaires and an estimated 12,000 millionaires among Microsoft employees. Since the 1990s, it has increasingly diversified its business. Steve Ballmer replaced Gates as CEO in 2000. H","Microsoft --INVESTED_IN--> OpenAI Microsoft --FOUNDED_BY--> Bill Gates Microsoft --FOUNDED_BY--> Paul Allen Microsoft --CEO--> Satya Nadella Microsoft --FOUNDED_IN--> 1975 Microsoft --FOUNDED_IN--> Redmond, Washington Microsoft --ACQUIRED--> LinkedIn Microsoft --ACQUIRED--> Skype Technologies Micros"
Q07,Who is Microsoft's CEO?,Satya Nadella,Satya Nadella is Microsoft's CEO.,correct,Satya Nadella.,correct,"[Microsoft] The company's 1986 initial public offering (IPO) and subsequent rise in its share price created three billionaires and an estimated 12,000 millionaires among Microsoft employees. Since the 1990s, it has increasingly diversified its business. Steve Ballmer replaced Gates as CEO in 2000. H","Microsoft --INVESTED_IN--> OpenAI Microsoft --FOUNDED_BY--> Bill Gates Microsoft --FOUNDED_BY--> Paul Allen Microsoft --CEO--> Satya Nadella Microsoft --FOUNDED_IN--> 1975 Microsoft --FOUNDED_IN--> Redmond, Washington Microsoft --ACQUIRED--> LinkedIn Microsoft --ACQUIRED--> Skype Technologies Micros"
Q08,Who founded Meta Platforms?,Mark Zuckerberg and others,The provided context does not state who founded Meta Platforms; I do not know from the provided context.,review,Meta Platforms was founded by Mark Zuckerberg.,correct,"[Meta Platforms] In 2021, it rebranded as Meta Platforms, Inc. to reflect a strategic shift toward developing the metaverse—an interconnected digital ecosystem spanning virtual and augmented reality technologies. In 2023, Meta was ranked 31st on the Forbes Global 2000 list of the world's largest pub","Meta Platforms --FOUNDED_BY--> Mark Zuckerberg Meta Platforms --OWNS--> Facebook Meta Platforms --OWNS--> Instagram Meta Platforms --OWNS--> WhatsApp Meta Platforms, Inc. --FOUNDED_BY--> Meta Platforms Meta Platforms, Inc. --KNOWN_FOR--> Facebook Meta Platforms, Inc. --KNOWN_FOR--> Instagram Meta Pl"
Q09,Which major apps does Meta own?,"Facebook, Instagram, and WhatsApp","Facebook, Instagram, WhatsApp, Messenger, Threads, and Manus.",correct,"Meta owns major apps Facebook, Instagram, WhatsApp, Messenger, and Threads.",correct,"[Meta Platforms] Meta Platforms, Inc. (doing business as Meta) is an American multinational technology company headquartered in Menlo Park, California. Meta owns and operates several prominent social media platforms and communication services, including Facebook, Instagram, WhatsApp, Messenger, Thre","Meta Platforms, Inc. --FOUNDED_BY--> TheFacebook, Inc. Meta Platforms, Inc. --FOUNDED_IN--> 2021 Meta Platforms, Inc. --KNOWN_FOR--> Facebook Meta Platforms, Inc. --KNOWN_FOR--> Instagram Meta Platforms, Inc. --KNOWN_FOR--> WhatsApp Meta Platforms, Inc. --KNOWN_FOR--> Messenger Meta Platforms, Inc. "
Q10,Who founded Amazon?,Jeff Bezos,Jeff Bezos founded Amazon.,correct,Jeff Bezos founded Amazon.,correct,"[Amazon (company)] Amazon.com, Inc. (doing business as Amazon) is an American multinational technology company engaged in e-commerce, cloud computing, online advertising, digital streaming, and artificial intelligence. Founded in 1994 by Jeff Bezos in Bellevue, Washington, the company originally sta","Amazon --FOUNDED_BY--> Jeff Bezos Amazon --DEVELOPS--> Amazon Web Services Amazon --FOUNDED_IN--> Bellevue, Washington Amazon --PARENT_COMPANY--> Amazon.com, Inc. Amazon --SUBSIDIARY_OF--> Amazon.com, Inc. Amazon Web Services --DEVELOPS--> Amazon Amazon Web Services --SUBSIDIARY_OF--> Amazon AWS --F"
Q11,What cloud platform is associated with Amazon?,Amazon Web Services,Amazon Web Services (AWS).,correct,Amazon Web Services is the cloud platform associated with Amazon.,correct,"[Amazon (company)] The company has multiple subsidiaries, including Amazon Web Services (AWS), providing cloud computing; Zoox, a self-driving car division; Kuiper Systems, a satellite Internet provider; and Amazon Lab126, a computer hardware R&D provider. Other subsidiaries include Ring, Twitch, IM","Amazon --FOUNDED_BY--> Jeff Bezos Amazon --DEVELOPS--> Amazon Web Services Amazon --FOUNDED_IN--> Bellevue, Washington Amazon --PARENT_COMPANY--> Amazon.com, Inc. Amazon --SUBSIDIARY_OF--> Amazon.com, Inc. Amazon Web Services --DEVELOPS--> Amazon Amazon Web Services --SUBSIDIARY_OF--> Amazon AWS --F"
Q12,Who founded Apple?,"Steve Jobs, Steve Wozniak, and Ronald Wayne","Steve Jobs, Steve Wozniak, and Ronald Wayne founded Apple.",correct,"Apple was founded by Steve Jobs, Steve Wozniak, and Ronald Wayne.",correct,"[Apple Inc.] Apple Inc. is an American multinational technology company headquartered in Cupertino, California, in Silicon Valley, and known for consumer electronics, software and online services. Founded in 1976 as Apple Computer Company by Steve Jobs, Steve Wozniak and Ronald Wayne, the company wa",Apple --FOUNDED_BY--> Steve Jobs Apple --FOUNDED_BY--> Steve Wozniak Apple --FOUNDED_BY--> Ronald Wayne Apple --KNOWN_FOR--> iPhone Apple --KNOWN_FOR--> Mac Apple --KNOWN_FOR--> iPad Apple --DEVELOPS--> iOS Apple --FOUNDED_IN--> 1976 Apple --RENAME_TO--> Apple Apple --ACQUIRED--> NeXT NeXT --PARENT_
Q13,Which products is Apple known for?,"iPhone, Mac, iPad, and iOS","Apple is known for consumer electronics, software and online services, including devices like iPhone, iPad, Mac, Apple Watch, AirPods, and services like Apple Pay, iCloud, Apple Music, and Apple TV.",correct,"Apple is known for the iPhone, Mac, and iPad.",correct,"[Apple Inc.] Apple Inc. is an American multinational technology company headquartered in Cupertino, California, in Silicon Valley, and known for consumer electronics, software and online services. Founded in 1976 as Apple Computer Company by Steve Jobs, Steve Wozniak and Ronald Wayne, the company wa",Apple --FOUNDED_BY--> Steve Jobs Apple --FOUNDED_BY--> Steve Wozniak Apple --FOUNDED_BY--> Ronald Wayne Apple --KNOWN_FOR--> iPhone Apple --KNOWN_FOR--> Mac Apple --KNOWN_FOR--> iPad Apple --DEVELOPS--> iOS Apple --FOUNDED_IN--> 1976 Apple --RENAME_TO--> Apple Apple --ACQUIRED--> NeXT NeXT --PARENT_
Q14,Who founded Nvidia?,"Jensen Huang, Chris Malachowsky, and Curtis Priem","Nvidia was founded in 1993 by Jensen Huang, Chris Malachowsky, and Curtis Priem.",correct,"Nvidia was founded by Jensen Huang, Chris Malachowsky, and Curtis Priem.",correct,"[Nvidia] Nvidia Corporation ( en-VID-ee-ə) is an American technology company headquartered in Santa Clara, California. The company develops graphics processing units (GPUs), systems on chips (SoCs), and application programming interfaces (APIs) for data science, high-performance computing, video gam",Nvidia --FOUNDED_BY--> Jensen Huang Nvidia --KNOWN_FOR--> GPUs Nvidia --DEVELOPS--> GPUs Nvidia --KNOWN_FOR--> AI accelerators Nvidia --FOUNDED_BY--> Chris Malachowsky Nvidia --FOUNDED_BY--> Curtis Priem Nvidia --FOUNDED_IN--> 1993 Nvidia --DEVELOPS--> SoCs Nvidia --DEVELOPS--> APIs Nvidia --KNOWN_F
Q15,What hardware is Nvidia known for?,"GPUs, GeForce GPUs, and Tegra hardware",Nvidia is known for its graphics processing units (GPUs) and Tegra mobile processors.,correct,"Nvidia is known for GPUs, including GeForce GPUs and Tegra.",correct,"[Nvidia] Nvidia Corporation ( en-VID-ee-ə) is an American technology company headquartered in Santa Clara, California. The company develops graphics processing units (GPUs), systems on chips (SoCs), and application programming interfaces (APIs) for data science, high-performance computing, video gam",Nvidia --FOUNDED_BY--> Jensen Huang Nvidia --KNOWN_FOR--> GPUs Nvidia --DEVELOPS--> GPUs Nvidia --KNOWN_FOR--> AI accelerators Nvidia --FOUNDED_BY--> Chris Malachowsky Nvidia --FOUNDED_BY--> Curtis Priem Nvidia --FOUNDED_IN--> 1993 Nvidia --DEVELOPS--> SoCs Nvidia --DEVELOPS--> APIs Nvidia --KNOWN_F
Q16,Who founded Anthropic?,Dario Amodei and Daniela Amodei,Anthropic was founded in 2021 by former OpenAI members including Daniela Amodei and Dario Amodei.,correct,Dario Amodei and Daniela Amodei founded Anthropic.,correct,"[Anthropic] Anthropic is an American artificial intelligence (AI) company headquartered in San Francisco. It has developed a range of large language models (LLMs) named Claude and focuses on AI safety. Anthropic was founded in 2021 by former members of OpenAI, including siblings Daniela Amodei and D","Anthropic --FOUNDED_BY--> Dario Amodei Anthropic --CEO--> Dario Amodei Anthropic --FOUNDED_BY--> Daniela Amodei Anthropic --CEO--> Daniela Amodei Anthropic --DEVELOPS--> Claude Anthropic --KNOWN_FOR--> Claude Anthropic --FOUNDED_IN--> 2021 Meta Platforms, Inc. --FOUNDED_IN--> 2021 Meta Platforms, In"
Q17,What AI assistant family does Anthropic develop?,Claude,Anthropic develops the Claude family of large language model AI assistants.,correct,Anthropic develops the Claude AI assistant.,correct,"[Anthropic] Anthropic is an American artificial intelligence (AI) company headquartered in San Francisco. It has developed a range of large language models (LLMs) named Claude and focuses on AI safety. Anthropic was founded in 2021 by former members of OpenAI, including siblings Daniela Amodei and D","Anthropic --FOUNDED_BY--> Dario Amodei Anthropic --CEO--> Dario Amodei Anthropic --FOUNDED_BY--> Daniela Amodei Anthropic --CEO--> Daniela Amodei Anthropic --DEVELOPS--> Claude Anthropic --KNOWN_FOR--> Claude Anthropic --FOUNDED_IN--> 2021 Meta Platforms, Inc. --FOUNDED_IN--> 2021 Meta Platforms, In"
Q18,Which company owns Google and also owns DeepMind?,Alphabet Inc.,Alphabet Inc. owns both Google and DeepMind.,correct,Alphabet Inc. owns Google and also owns DeepMind.,correct,"[Google DeepMind] DeepMind Technologies Limited, trading as Google DeepMind or simply DeepMind, is a British-American artificial intelligence (AI) research laboratory which serves as a subsidiary of Alphabet Inc. Founded in the UK in 2010, it was acquired by Google in 2014 and merged with Google AI'",Google --FOUNDED_BY--> Larry Page Google --FOUNDED_BY--> Sergey Brin Google --SUBSIDIARY_OF--> Alphabet Inc. Google --ACQUIRED--> DeepMind Google --FOUNDED_IN--> 1998 Google --DEVELOPS--> Google Search Google --MERGED_WITH--> Google Brain Alphabet Inc. --OWNS--> Google Alphabet Inc. --PARENT_COMPANY
Q19,Which company acquired the lab that developed AlphaGo?,Google acquired DeepMind,Google acquired the lab (DeepMind) that developed AlphaGo.,correct,Google acquired DeepMind.,correct,"[Google DeepMind] DeepMind Technologies Limited, trading as Google DeepMind or simply DeepMind, is a British-American artificial intelligence (AI) research laboratory which serves as a subsidiary of Alphabet Inc. Founded in the UK in 2010, it was acquired by Google in 2014 and merged with Google AI'",AlphaGo --DEVELOPS--> DeepMind DeepMind --DEVELOPED--> AlphaGo DeepMind --KNOWN_FOR--> AlphaGo DeepMind --SUBSIDIARY_OF--> Alphabet Inc. DeepMind --FOUNDED_BY--> Alphabet Inc. DeepMind --DEVELOPS--> MuZero DeepMind --DEVELOPS--> AlphaStar DeepMind --DEVELOPS--> AlphaFold Google --ACQUIRED--> DeepMin
Q20,Which company invested in the organization co-founded by Sam Altman?,Microsoft invested in OpenAI,Microsoft.,review,Microsoft invested in OpenAI.,correct,"[OpenAI] In October 2025, OpenAI conducted a $6.6 billion share sale that valued the company at $500 billion. In 2023 and 2024, OpenAI faced multiple lawsuits for alleged copyright infringement against authors and media companies whose work was used to train some of OpenAI's products. In November 20",OpenAI --FOUNDED_BY--> Sam Altman OpenAI --FOUNDED_BY--> Elon Musk OpenAI --FOUNDED_BY--> Greg Brockman OpenAI --FOUNDED_BY--> Ilya Sutskever OpenAI --FOUNDED_BY--> Wojciech Zaremba OpenAI --FOUNDED_IN--> 2015 OpenAI --FOUNDED_IN--> Delaware OpenAI --FOUNDED_BY--> OpenAI Founders OpenAI --FOUNDED_AS
